Violation Status;Rule Name;Object Full Name;Object Type;Object Status;Previous Value;Current Value;Critical;Weight;Module Name
Changed Violation;CWE-134: Avoid uncontrolled format string;[C:\CASTMS\webgoat-83-1362\Deploy\Webgoat\Java\lessons\Ajax\instructor\clientSideFiltering_i.jsp];eFile;Unchanged;96;183;1;9;WebGoat_35ec2bcf/Webgoat/Java content
Changed Violation;CWE-134: Avoid uncontrolled format string;org.owasp.webgoat.lessons.CommandInjection.createContent;Java Method;Updated;110;148;1;9;WebGoat_35ec2bcf/Webgoat/Java content
Changed Violation;CWE-134: Avoid uncontrolled format string;org.owasp.webgoat.lessons.CommandInjection.createContent;Java Method;Updated;110;152;1;9;WebGoat_35ec2bcf/Webgoat/Java content
Changed Violation;CWE-134: Avoid uncontrolled format string;org.owasp.webgoat.lessons.CommandInjection.createContent;Java Method;Updated;110;169;1;9;WebGoat_35ec2bcf/Webgoat/Java content
Changed Violation;CWE-134: Avoid uncontrolled format string;org.owasp.webgoat.lessons.CommandInjection.createContent;Java Method;Updated;90;148;1;9;WebGoat_35ec2bcf/Webgoat/Java content
Changed Violation;CWE-134: Avoid uncontrolled format string;org.owasp.webgoat.lessons.CommandInjection.createContent;Java Method;Updated;90;152;1;9;WebGoat_35ec2bcf/Webgoat/Java content
Changed Violation;CWE-134: Avoid uncontrolled format string;org.owasp.webgoat.lessons.CommandInjection.createContent;Java Method;Updated;90;169;1;9;WebGoat_35ec2bcf/Webgoat/Java content
Changed Violation;CWE-134: Avoid uncontrolled format string;org.owasp.webgoat.lessons.CommandInjection.createContent;Java Method;Updated;104;152;1;9;WebGoat_35ec2bcf/Webgoat/Java content
Changed Violation;CWE-134: Avoid uncontrolled format string;org.owasp.webgoat.lessons.CommandInjection.createContent;Java Method;Updated;104;148;1;9;WebGoat_35ec2bcf/Webgoat/Java content
Changed Violation;CWE-134: Avoid uncontrolled format string;org.owasp.webgoat.lessons.CommandInjection.createContent;Java Method;Updated;104;169;1;9;WebGoat_35ec2bcf/Webgoat/Java content
Changed Violation;CWE-134: Avoid uncontrolled format string;org.owasp.webgoat.session.ParameterParser.toString;Java Method;Unchanged;72;154;1;9;WebGoat_35ec2bcf/Webgoat/Java content
Changed Violation;CWE-134: Avoid uncontrolled format string;org.owasp.webgoat.session.ParameterParser.toString;Java Method;Unchanged;70;154;1;9;WebGoat_35ec2bcf/Webgoat/Java content
Changed Violation;CWE-134: Avoid uncontrolled format string;org.owasp.webgoat.session.ParameterParser.toString;Java Method;Unchanged;70;170;1;9;WebGoat_35ec2bcf/Webgoat/Java content
Changed Violation;CWE-134: Avoid uncontrolled format string;org.owasp.webgoat.session.ParameterParser.toString;Java Method;Unchanged;72;170;1;9;WebGoat_35ec2bcf/Webgoat/Java content
Changed Violation;CWE-79: Avoid cross-site scripting DOM vulnerabilities;[C:\CASTMS\webgoat-83-1362\Deploy\Webgoat\Java\lessons\General\redirect.jsp];eFile;Unchanged;107;143;1;9;WebGoat_35ec2bcf/Webgoat/Java content
Changed Violation;CWE-79: Avoid cross-site scripting DOM vulnerabilities;[C:\CASTMS\webgoat-83-1362\Deploy\Webgoat\Java\lessons\General\redirect.jsp];eFile;Unchanged;107;186;1;9;WebGoat_35ec2bcf/Webgoat/Java content
Changed Violation;CWE-79: Avoid cross-site scripting DOM vulnerabilities;[C:\CASTMS\webgoat-83-1362\Deploy\Webgoat\Java\lessons\General\redirect.jsp];eFile;Unchanged;107;192;1;9;WebGoat_35ec2bcf/Webgoat/Java content
Changed Violation;CWE-79: Avoid cross-site scripting DOM vulnerabilities;[C:\CASTMS\webgoat-83-1362\Deploy\Webgoat\Java\lessons\General\redirect.jsp];eFile;Unchanged;66;143;1;9;WebGoat_35ec2bcf/Webgoat/Java content
Changed Violation;CWE-79: Avoid cross-site scripting DOM vulnerabilities;[C:\CASTMS\webgoat-83-1362\Deploy\Webgoat\Java\lessons\General\redirect.jsp];eFile;Unchanged;66;186;1;9;WebGoat_35ec2bcf/Webgoat/Java content
Changed Violation;CWE-79: Avoid cross-site scripting DOM vulnerabilities;[C:\CASTMS\webgoat-83-1362\Deploy\Webgoat\Java\lessons\General\redirect.jsp];eFile;Unchanged;66;192;1;9;WebGoat_35ec2bcf/Webgoat/Java content
Changed Violation;CWE-79: Avoid cross-site scripting DOM vulnerabilities;[C:\CASTMS\webgoat-83-1362\Deploy\Webgoat\Java\lessons\General\redirect.jsp];eFile;Unchanged;78;143;1;9;WebGoat_35ec2bcf/Webgoat/Java content
Changed Violation;CWE-79: Avoid cross-site scripting DOM vulnerabilities;[C:\CASTMS\webgoat-83-1362\Deploy\Webgoat\Java\lessons\General\redirect.jsp];eFile;Unchanged;78;186;1;9;WebGoat_35ec2bcf/Webgoat/Java content
Changed Violation;CWE-79: Avoid cross-site scripting DOM vulnerabilities;[C:\CASTMS\webgoat-83-1362\Deploy\Webgoat\Java\lessons\General\redirect.jsp];eFile;Unchanged;78;192;1;9;WebGoat_35ec2bcf/Webgoat/Java content
Changed Violation;CWE-79: Avoid cross-site scripting DOM vulnerabilities;[C:\CASTMS\webgoat-83-1362\Deploy\Webgoat\Java\main.jsp];eFile;Updated;111;189;1;9;WebGoat_35ec2bcf/Webgoat/Java content
Changed Violation;CWE-89: Avoid SQL injection vulnerabilities;org.owasp.webgoat.lessons.DOS_Login.createContent;Java Method;Unchanged;67;144;1;9;WebGoat_35ec2bcf/Webgoat/Java content
Changed Violation;CWE-89: Avoid SQL injection vulnerabilities;org.owasp.webgoat.lessons.DOS_Login.createContent;Java Method;Unchanged;80;160;1;9;WebGoat_35ec2bcf/Webgoat/Java content
Changed Violation;CWE-89: Avoid SQL injection vulnerabilities;org.owasp.webgoat.lessons.DOS_Login.createContent;Java Method;Unchanged;80;149;1;9;WebGoat_35ec2bcf/Webgoat/Java content
Changed Violation;CWE-89: Avoid SQL injection vulnerabilities;org.owasp.webgoat.lessons.DOS_Login.createContent;Java Method;Unchanged;80;144;1;9;WebGoat_35ec2bcf/Webgoat/Java content
Changed Violation;CWE-89: Avoid SQL injection vulnerabilities;org.owasp.webgoat.lessons.DOS_Login.createContent;Java Method;Unchanged;71;160;1;9;WebGoat_35ec2bcf/Webgoat/Java content
Changed Violation;CWE-89: Avoid SQL injection vulnerabilities;org.owasp.webgoat.lessons.DOS_Login.createContent;Java Method;Unchanged;71;149;1;9;WebGoat_35ec2bcf/Webgoat/Java content
Changed Violation;CWE-89: Avoid SQL injection vulnerabilities;org.owasp.webgoat.lessons.DOS_Login.createContent;Java Method;Unchanged;71;144;1;9;WebGoat_35ec2bcf/Webgoat/Java content
Changed Violation;CWE-89: Avoid SQL injection vulnerabilities;org.owasp.webgoat.lessons.DOS_Login.createContent;Java Method;Unchanged;67;160;1;9;WebGoat_35ec2bcf/Webgoat/Java content
Changed Violation;CWE-89: Avoid SQL injection vulnerabilities;org.owasp.webgoat.lessons.DOS_Login.createContent;Java Method;Unchanged;67;149;1;9;WebGoat_35ec2bcf/Webgoat/Java content
Changed Violation;CWE-89: Avoid SQL injection vulnerabilities;org.owasp.webgoat.lessons.GoatHillsFinancial.DeleteProfile.handleRequest;Java Method;Unchanged;95;175;1;9;WebGoat_35ec2bcf/Webgoat/Java content
Changed Violation;CWE-89: Avoid SQL injection vulnerabilities;org.owasp.webgoat.lessons.GoatHillsFinancial.Login.handleRequest;Java Method;Unchanged;93;174;1;9;WebGoat_35ec2bcf/Webgoat/Java content
Changed Violation;CWE-89: Avoid SQL injection vulnerabilities;org.owasp.webgoat.lessons.RoleBasedAccessControl.DeleteProfile.handleRequest;Java Method;Unchanged;83;162;1;9;WebGoat_35ec2bcf/Webgoat/Java content
Changed Violation;CWE-89: Avoid SQL injection vulnerabilities;org.owasp.webgoat.lessons.SQLInjection.Login.handleRequest;Java Method;Unchanged;112;191;1;9;WebGoat_35ec2bcf/Webgoat/Java content
Changed Violation;CWE-89: Avoid SQL injection vulnerabilities;org.owasp.webgoat.lessons.SQLInjection.Login.handleRequest;Java Method;Unchanged;102;182;1;9;WebGoat_35ec2bcf/Webgoat/Java content
Changed Violation;CWE-89: Avoid SQL injection vulnerabilities;org.owasp.webgoat.lessons.SQLInjection.Login.handleRequest;Java Method;Unchanged;102;191;1;9;WebGoat_35ec2bcf/Webgoat/Java content
Changed Violation;CWE-89: Avoid SQL injection vulnerabilities;org.owasp.webgoat.lessons.SQLInjection.Login.handleRequest;Java Method;Unchanged;112;182;1;9;WebGoat_35ec2bcf/Webgoat/Java content
Changed Violation;CWE-89: Avoid SQL injection vulnerabilities;org.owasp.webgoat.lessons.SQLInjection.Login.updateLessonStatus;Java Method;Unchanged;91;171;1;9;WebGoat_35ec2bcf/Webgoat/Java content
Changed Violation;CWE-89: Avoid SQL injection vulnerabilities;org.owasp.webgoat.lessons.SQLInjection.Login.updateLessonStatus;Java Method;Unchanged;91;179;1;9;WebGoat_35ec2bcf/Webgoat/Java content
Changed Violation;CWE-89: Avoid SQL injection vulnerabilities;org.owasp.webgoat.lessons.SQLInjection.Login.updateLessonStatus;Java Method;Unchanged;98;171;1;9;WebGoat_35ec2bcf/Webgoat/Java content
Changed Violation;CWE-89: Avoid SQL injection vulnerabilities;org.owasp.webgoat.lessons.SQLInjection.Login.updateLessonStatus;Java Method;Unchanged;98;179;1;9;WebGoat_35ec2bcf/Webgoat/Java content
Changed Violation;CWE-89: Avoid SQL injection vulnerabilities;org.owasp.webgoat.lessons.SQLInjection.ViewProfile.handleRequest;Java Method;Unchanged;101;181;1;9;WebGoat_35ec2bcf/Webgoat/Java content
Changed Violation;CWE-89: Avoid SQL injection vulnerabilities;org.owasp.webgoat.lessons.SQLInjection.ViewProfile.updateLessonStatus;Java Method;Unchanged;89;168;1;9;WebGoat_35ec2bcf/Webgoat/Java content
Changed Violation;CWE-89: Avoid SQL injection vulnerabilities;org.owasp.webgoat.lessons.SqlStringInjection.makeAccountLine;Java Method;Updated;86;165;1;9;WebGoat_35ec2bcf/Webgoat/Java content
Changed Violation;CWE-89: Avoid SQL injection vulnerabilities;org.owasp.webgoat.lessons.ThreadSafetyProblem.createContent;Java Method;Unchanged;92;173;1;9;WebGoat_35ec2bcf/Webgoat/Java content
Changed Violation;CWE-89: Avoid SQL injection vulnerabilities;org.owasp.webgoat.lessons.admin.ViewDatabase.createContent;Java Method;Unchanged;109;188;1;9;WebGoat_35ec2bcf/Webgoat/Java content
Changed Violation;Close the outermost stream ASAP;org.owasp.webgoat.lessons.AbstractLesson.getLessonPlan;Java Method;Updated;1;2;1;8;WebGoat_35ec2bcf/Webgoat/Java content
Changed Violation;Avoid empty catch blocks;org.owasp.webgoat.lessons.SoapRequest.getResults;Java Method;Updated;2;1;1;7;WebGoat_35ec2bcf/Webgoat/Java content
Changed Violation;Avoid "SELECT *" queries;org.owasp.webgoat.lessons.Challenge2Screen.doStage2;Java Method;Updated;2;1;0;8;WebGoat_35ec2bcf/Webgoat/Java content
Changed Violation;Avoid Artifacts with High Fan-Out;[C:\CASTMS\webgoat-83-1362\Deploy\Webgoat\Java\main.jsp];eFile;Updated;156;179;0;4;WebGoat_35ec2bcf/Webgoat/Java content
Changed Violation;Avoid Artifacts with High Fan-Out;org.owasp.webgoat.Catcher.doPost;Java Method;Updated;27;29;0;4;WebGoat_35ec2bcf/Webgoat/Java content
Changed Violation;Avoid Artifacts with High Fan-Out;org.owasp.webgoat.HammerHead.makeScreen;Java Method;Unchanged;43;48;0;4;WebGoat_35ec2bcf/Webgoat/Java content
Changed Violation;Avoid Artifacts with High Fan-Out;org.owasp.webgoat.lessons.AbstractLesson.getHint;Java Method;Unchanged;62;70;0;4;WebGoat_35ec2bcf/Webgoat/Java content
Changed Violation;Avoid Artifacts with High Fan-Out;org.owasp.webgoat.lessons.AbstractLesson.getHintCount;Java Method;Unchanged;62;70;0;4;WebGoat_35ec2bcf/Webgoat/Java content
Changed Violation;Avoid Artifacts with High Fan-Out;org.owasp.webgoat.lessons.AbstractLesson.getHtml_DELETE_ME;Java Method;Unchanged;69;75;0;4;WebGoat_35ec2bcf/Webgoat/Java content
Changed Violation;Avoid Artifacts with High Fan-Out;org.owasp.webgoat.lessons.AbstractLesson.getLessonPlan;Java Method;Updated;7;13;0;4;WebGoat_35ec2bcf/Webgoat/Java content
Changed Violation;Avoid Artifacts with High Fan-Out;org.owasp.webgoat.lessons.AbstractLesson.getRanking;Java Method;Unchanged;70;78;0;4;WebGoat_35ec2bcf/Webgoat/Java content
Changed Violation;Avoid Artifacts with High Fan-Out;org.owasp.webgoat.lessons.AbstractLesson.handleRequest;Java Method;Unchanged;70;76;0;4;WebGoat_35ec2bcf/Webgoat/Java content
Changed Violation;Avoid Artifacts with High Fan-Out;org.owasp.webgoat.lessons.AbstractLesson.toString;Java Method;Unchanged;70;78;0;4;WebGoat_35ec2bcf/Webgoat/Java content
Changed Violation;Avoid Artifacts with High Fan-Out;org.owasp.webgoat.lessons.AbstractLesson.update;Java Method;Unchanged;159;174;0;4;WebGoat_35ec2bcf/Webgoat/Java content
Changed Violation;Avoid Artifacts with High Fan-Out;org.owasp.webgoat.lessons.BasicAuthentication.doStage1;Java Method;Updated;29;30;0;4;WebGoat_35ec2bcf/Webgoat/Java content
Changed Violation;Avoid Artifacts with High Fan-Out;org.owasp.webgoat.lessons.BasicAuthentication.doStage2;Java Method;Updated;22;23;0;4;WebGoat_35ec2bcf/Webgoat/Java content
Changed Violation;Avoid Artifacts with High Fan-Out;org.owasp.webgoat.lessons.CSRF.createContent;Java Method;Updated;7;12;0;4;WebGoat_35ec2bcf/Webgoat/Java content
Changed Violation;Avoid Artifacts with High Fan-Out;org.owasp.webgoat.lessons.CSRF.makeInput;Java Method;Updated;19;20;0;4;WebGoat_35ec2bcf/Webgoat/Java content
Changed Violation;Avoid Artifacts with High Fan-Out;org.owasp.webgoat.lessons.Challenge2Screen.doStage1;Java Method;Updated;14;15;0;4;WebGoat_35ec2bcf/Webgoat/Java content
Changed Violation;Avoid Artifacts with High Fan-Out;org.owasp.webgoat.lessons.Challenge2Screen.doStage2;Java Method;Updated;41;43;0;4;WebGoat_35ec2bcf/Webgoat/Java content
Changed Violation;Avoid Artifacts with High Fan-Out;org.owasp.webgoat.lessons.Challenge2Screen.phoneHome;Java Method;Updated;13;12;0;4;WebGoat_35ec2bcf/Webgoat/Java content
Changed Violation;Avoid Artifacts with High Fan-Out;org.owasp.webgoat.lessons.Challenge2Screen.showDefaceAttempt;Java Method;Updated;13;12;0;4;WebGoat_35ec2bcf/Webgoat/Java content
Changed Violation;Avoid Artifacts with High Fan-Out;org.owasp.webgoat.lessons.ClientSideValidation.createQtyTable;Java Method;Updated;26;27;0;4;WebGoat_35ec2bcf/Webgoat/Java content
Changed Violation;Avoid Artifacts with High Fan-Out;org.owasp.webgoat.lessons.ClientSideValidation.createTotalTable;Java Method;Updated;26;27;0;4;WebGoat_35ec2bcf/Webgoat/Java content
Changed Violation;Avoid Artifacts with High Fan-Out;org.owasp.webgoat.lessons.ClientSideValidation.stage2Content;Java Method;Updated;22;26;0;4;WebGoat_35ec2bcf/Webgoat/Java content
Changed Violation;Avoid Artifacts with High Fan-Out;org.owasp.webgoat.lessons.CommandInjection.createContent;Java Method;Updated;38;39;0;4;WebGoat_35ec2bcf/Webgoat/Java content
Changed Violation;Avoid Artifacts with High Fan-Out;org.owasp.webgoat.lessons.DBCrossSiteScripting.UpdateProfile.changeEmployeeProfile;Java Method;Updated;22;21;0;4;WebGoat_35ec2bcf/Webgoat/Java content
Changed Violation;Avoid Artifacts with High Fan-Out;org.owasp.webgoat.lessons.DOMInjection.createContent;Java Method;Updated;34;35;0;4;WebGoat_35ec2bcf/Webgoat/Java content
Changed Violation;Avoid Artifacts with High Fan-Out;org.owasp.webgoat.lessons.HiddenFieldTampering.createContent;Java Method;Updated;42;46;0;4;WebGoat_35ec2bcf/Webgoat/Java content
Changed Violation;Avoid Artifacts with High Fan-Out;org.owasp.webgoat.lessons.HtmlClues.createContent;Java Method;Updated;10;11;0;4;WebGoat_35ec2bcf/Webgoat/Java content
Changed Violation;Avoid Artifacts with High Fan-Out;org.owasp.webgoat.lessons.HtmlClues.makeLogin;Java Method;Updated;28;29;0;4;WebGoat_35ec2bcf/Webgoat/Java content
Changed Violation;Avoid Artifacts with High Fan-Out;org.owasp.webgoat.lessons.HttpBasics.createContent;Java Method;Updated;18;19;0;4;WebGoat_35ec2bcf/Webgoat/Java content
Changed Violation;Avoid Artifacts with High Fan-Out;org.owasp.webgoat.lessons.HttpSplitting.handleRequest;Java Method;Updated;12;14;0;4;WebGoat_35ec2bcf/Webgoat/Java content
Changed Violation;Avoid Artifacts with High Fan-Out;org.owasp.webgoat.lessons.JavaScriptValidation.createContent;Java Method;Updated;23;24;0;4;WebGoat_35ec2bcf/Webgoat/Java content
Changed Violation;Avoid Artifacts with High Fan-Out;org.owasp.webgoat.lessons.LessonAdapter.getHintCount;Java Method;Unchanged;61;69;0;4;WebGoat_35ec2bcf/Webgoat/Java content
Changed Violation;Avoid Artifacts with High Fan-Out;org.owasp.webgoat.lessons.LessonAdapter.getInstructions;Java Method;Updated;9;10;0;4;WebGoat_35ec2bcf/Webgoat/Java content
Changed Violation;Avoid Artifacts with High Fan-Out;org.owasp.webgoat.lessons.LessonAdapter.makeSuccess;Java Method;Updated;6;7;0;4;WebGoat_35ec2bcf/Webgoat/Java content
Changed Violation;Avoid Artifacts with High Fan-Out;org.owasp.webgoat.lessons.LogSpoofing.createContent;Java Method;Updated;29;30;0;4;WebGoat_35ec2bcf/Webgoat/Java content
Changed Violation;Avoid Artifacts with High Fan-Out;org.owasp.webgoat.lessons.PathBasedAccessControl.createContent;Java Method;Updated;53;54;0;4;WebGoat_35ec2bcf/Webgoat/Java content
Changed Violation;Avoid Artifacts with High Fan-Out;org.owasp.webgoat.lessons.RandomLessonAdapter.setStageComplete;Java Method;Updated;6;11;0;4;WebGoat_35ec2bcf/Webgoat/Java content
Changed Violation;Avoid Artifacts with High Fan-Out;org.owasp.webgoat.lessons.ReflectedXSS.createContent;Java Method;Updated;44;48;0;4;WebGoat_35ec2bcf/Webgoat/Java content
Changed Violation;Avoid Artifacts with High Fan-Out;org.owasp.webgoat.lessons.SqlNumericInjection.injectableQuery;Java Method;Updated;28;29;0;4;WebGoat_35ec2bcf/Webgoat/Java content
Changed Violation;Avoid Artifacts with High Fan-Out;org.owasp.webgoat.lessons.SqlNumericInjection.makeStationList;Java Method;Updated;15;16;0;4;WebGoat_35ec2bcf/Webgoat/Java content
Changed Violation;Avoid Artifacts with High Fan-Out;org.owasp.webgoat.lessons.SqlNumericInjection.parameterizedQuery;Java Method;Updated;26;27;0;4;WebGoat_35ec2bcf/Webgoat/Java content
Changed Violation;Avoid Artifacts with High Fan-Out;org.owasp.webgoat.lessons.SqlStringInjection.injectableQuery;Java Method;Updated;26;27;0;4;WebGoat_35ec2bcf/Webgoat/Java content
Changed Violation;Avoid Artifacts with High Fan-Out;org.owasp.webgoat.lessons.SqlStringInjection.makeAccountLine;Java Method;Updated;9;10;0;4;WebGoat_35ec2bcf/Webgoat/Java content
Changed Violation;Avoid Artifacts with High Fan-Out;org.owasp.webgoat.lessons.SqlStringInjection.parameterizedQuery;Java Method;Updated;30;31;0;4;WebGoat_35ec2bcf/Webgoat/Java content
Changed Violation;Avoid Artifacts with High Fan-Out;org.owasp.webgoat.lessons.StoredXss.addMessage;Java Method;Updated;15;16;0;4;WebGoat_35ec2bcf/Webgoat/Java content
Changed Violation;Avoid Artifacts with High Fan-Out;org.owasp.webgoat.lessons.StoredXss.makeCurrent;Java Method;Updated;33;34;0;4;WebGoat_35ec2bcf/Webgoat/Java content
Changed Violation;Avoid Artifacts with High Fan-Out;org.owasp.webgoat.lessons.StoredXss.makeInput;Java Method;Updated;19;20;0;4;WebGoat_35ec2bcf/Webgoat/Java content
Changed Violation;Avoid Artifacts with High Fan-Out;org.owasp.webgoat.lessons.StoredXss.makeList;Java Method;Updated;27;28;0;4;WebGoat_35ec2bcf/Webgoat/Java content
Changed Violation;Avoid Artifacts with High Fan-Out;org.owasp.webgoat.lessons.WeakAuthenticationCookie.checkCookie;Java Method;Updated;6;7;0;4;WebGoat_35ec2bcf/Webgoat/Java content
Changed Violation;Avoid Artifacts with High Fan-Out;org.owasp.webgoat.lessons.WeakAuthenticationCookie.checkParams;Java Method;Updated;9;10;0;4;WebGoat_35ec2bcf/Webgoat/Java content
Changed Violation;Avoid Artifacts with High Fan-Out;org.owasp.webgoat.lessons.WeakAuthenticationCookie.createContent;Java Method;Updated;12;13;0;4;WebGoat_35ec2bcf/Webgoat/Java content
Changed Violation;Avoid Artifacts with High Fan-Out;org.owasp.webgoat.lessons.WeakAuthenticationCookie.makeLogin;Java Method;Updated;28;29;0;4;WebGoat_35ec2bcf/Webgoat/Java content
Changed Violation;Avoid Artifacts with High Fan-Out;org.owasp.webgoat.lessons.WeakAuthenticationCookie.makeUser;Java Method;Updated;7;8;0;4;WebGoat_35ec2bcf/Webgoat/Java content
Changed Violation;Avoid Artifacts with High Fan-Out;org.owasp.webgoat.lessons.admin.ReportCardScreen.makeLessonRow;Java Method;Unchanged;87;95;0;4;WebGoat_35ec2bcf/Webgoat/Java content
Changed Violation;Avoid Artifacts with High Fan-Out;org.owasp.webgoat.session.Course.loadResources;Java Method;Updated;12;15;0;4;WebGoat_35ec2bcf/Webgoat/Java content
Changed Violation;Avoid Artifacts with High Fan-Out;org.owasp.webgoat.session.CreateDB.makeDB;Java Method;Updated;13;17;0;4;WebGoat_35ec2bcf/Webgoat/Java content
Changed Violation;Avoid Artifacts with High Fan-Out;org.owasp.webgoat.session.DatabaseUtilities.makeConnection;Java Method;Updated;8;11;0;4;WebGoat_35ec2bcf/Webgoat/Java content
Changed Violation;Avoid Artifacts with High Fan-Out;org.owasp.webgoat.session.LessonTracker.setProperties;Java Method;Updated;8;9;0;4;WebGoat_35ec2bcf/Webgoat/Java content
Changed Violation;Avoid Artifacts with High Fan-Out;org.owasp.webgoat.session.RandomLessonTracker.store;Java Method;Updated;8;9;0;4;WebGoat_35ec2bcf/Webgoat/Java content
Changed Violation;Avoid Artifacts with High Fan-Out;org.owasp.webgoat.session.WebSession.WebSession;Java Constructor;Updated;7;8;0;4;WebGoat_35ec2bcf/Webgoat/Java content
Changed Violation;Avoid Artifacts with High Fan-Out;org.owasp.webgoat.session.WebSession.getInstructions;Java Method;Unchanged;36;35;0;4;WebGoat_35ec2bcf/Webgoat/Java content
Changed Violation;Avoid Artifacts with High Fan-Out;org.owasp.webgoat.session.WebSession.restartLesson;Java Method;Updated;8;10;0;4;WebGoat_35ec2bcf/Webgoat/Java content
Changed Violation;Avoid Artifacts with High Fan-Out;org.owasp.webgoat.session.WebSession.update;Java Method;Updated;42;44;0;4;WebGoat_35ec2bcf/Webgoat/Java content
Changed Violation;Avoid Artifacts with High Fan-Out;org.owasp.webgoat.util.Interceptor.doFilter;Java Method;Updated;21;22;0;4;WebGoat_35ec2bcf/Webgoat/Java content
