Violation Status;Rule ID;Critical;Weight;Rule Name;Object Full Name;Object Type;Object Status;PRI;Previous Value;Module Name
Fixed Violation;8112;1;9;Avoid improper processing of the execution status of data handling operations;org.owasp.webgoat.lessons.RoleBasedAccessControl.UpdateProfile.getNextUID;Java Method;Updated;3655;1;WebGoat_35ec2bcf/Webgoat/Java content
Fixed Violation;8112;1;9;Avoid improper processing of the execution status of data handling operations;org.owasp.webgoat.lessons.CrossSiteScripting.UpdateProfile.getNextUID;Java Method;Updated;2150;1;WebGoat_35ec2bcf/Webgoat/Java content
Fixed Violation;8112;1;9;Avoid improper processing of the execution status of data handling operations;org.owasp.webgoat.lessons.GoatHillsFinancial.UpdateProfile.getNextUID;Java Method;Updated;1935;1;WebGoat_35ec2bcf/Webgoat/Java content
Fixed Violation;8112;1;9;Avoid improper processing of the execution status of data handling operations;org.owasp.webgoat.lessons.DBCrossSiteScripting.UpdateProfile.getNextUID;Java Method;Updated;1935;1;WebGoat_35ec2bcf/Webgoat/Java content
Fixed Violation;7740;1;9;CWE-79: Avoid cross-site scripting DOM vulnerabilities;[C:\CASTMS\webgoat-83-1362\Deploy\Webgoat\Java\lessons\SQLInjection\SearchStaff.jsp];eFile;Removed;;79;WebGoat_35ec2bcf/Webgoat/Java content
Fixed Violation;7742;1;9;CWE-89: Avoid SQL injection vulnerabilities;org.owasp.webgoat.lessons.BlindSqlInjection.createContent;Java Method;Removed;;69;WebGoat_35ec2bcf/Webgoat/Java content
Fixed Violation;7742;1;9;CWE-89: Avoid SQL injection vulnerabilities;org.owasp.webgoat.lessons.Challenge2Screen.doStage2;Java Method;Updated;79500;106;WebGoat_35ec2bcf/Webgoat/Java content
Fixed Violation;8104;1;8;Close database resources ASAP;org.owasp.webgoat.lessons.BlindSqlInjection.createContent;Java Method;Removed;;2;WebGoat_35ec2bcf/Webgoat/Java content
Fixed Violation;8108;1;8;Close the outermost stream ASAP;org.owasp.webgoat.lessons.Challenge2Screen.showDefaceAttempt;Java Method;Updated;37715;2;WebGoat_35ec2bcf/Webgoat/Java content
Fixed Violation;7788;1;7;Avoid empty catch blocks;org.owasp.webgoat.lessons.WsSqlInjection.getCreditCard;Java Method;Updated;148;1;WebGoat_35ec2bcf/Webgoat/Java content
Fixed Violation;7344;0;8;Avoid "SELECT *" queries;org.owasp.webgoat.lessons.BlindSqlInjection.getHints;Java Method;Removed;;1;WebGoat_35ec2bcf/Webgoat/Java content
Fixed Violation;7344;0;8;Avoid "SELECT *" queries;org.owasp.webgoat.lessons.BlindSqlInjection.createContent;Java Method;Removed;;1;WebGoat_35ec2bcf/Webgoat/Java content
Fixed Violation;7344;0;8;Avoid "SELECT *" queries;org.owasp.webgoat.lessons.SQLInjection.SQLInjection.getHints;Java Method;Updated;48;1;WebGoat_35ec2bcf/Webgoat/Java content
Fixed Violation;7344;0;8;Avoid "SELECT *" queries;org.owasp.webgoat.lessons.DOS_Login.getHints;Java Method;Unchanged;48;1;WebGoat_35ec2bcf/Webgoat/Java content
Fixed Violation;7344;0;8;Avoid "SELECT *" queries;org.owasp.webgoat.lessons.SqlStringInjection.getHints;Java Method;Updated;36;1;WebGoat_35ec2bcf/Webgoat/Java content
Fixed Violation;7344;0;8;Avoid "SELECT *" queries;org.owasp.webgoat.lessons.SqlNumericInjection.getHints;Java Method;Updated;36;1;WebGoat_35ec2bcf/Webgoat/Java content
Fixed Violation;7778;0;4;Avoid Artifacts with High Fan-Out;org.owasp.webgoat.lessons.WSDLScanning.accessWGService;Java Method;Removed;;11;WebGoat_35ec2bcf/Webgoat/Java content
Fixed Violation;7778;0;4;Avoid Artifacts with High Fan-Out;org.owasp.webgoat.lessons.BlindSqlInjection.createContent;Java Method;Removed;;20;WebGoat_35ec2bcf/Webgoat/Java content
Fixed Violation;7778;0;4;Avoid Artifacts with High Fan-Out;[C:\CASTMS\webgoat-83-1362\Deploy\Webgoat\Java\lessons\SQLInjection\ViewProfile.jsp];eFile;Removed;;26;WebGoat_35ec2bcf/Webgoat/Java content
Fixed Violation;7778;0;4;Avoid Artifacts with High Fan-Out;[C:\CASTMS\webgoat-83-1362\Deploy\Webgoat\Java\lessons\SQLInjection\SearchStaff.jsp];eFile;Removed;;8;WebGoat_35ec2bcf/Webgoat/Java content
Fixed Violation;7778;0;4;Avoid Artifacts with High Fan-Out;[C:\CASTMS\webgoat-83-1362\Deploy\Webgoat\Java\lessons\SQLInjection\Login.jsp];eFile;Removed;;15;WebGoat_35ec2bcf/Webgoat/Java content
Fixed Violation;7778;0;4;Avoid Artifacts with High Fan-Out;[C:\CASTMS\webgoat-83-1362\Deploy\Webgoat\Java\lessons\RoleBasedAccessControl\ViewProfile.jsp];eFile;Removed;;26;WebGoat_35ec2bcf/Webgoat/Java content
Fixed Violation;7778;0;4;Avoid Artifacts with High Fan-Out;[C:\CASTMS\webgoat-83-1362\Deploy\Webgoat\Java\lessons\RoleBasedAccessControl\SearchStaff.jsp];eFile;Removed;;8;WebGoat_35ec2bcf/Webgoat/Java content
Fixed Violation;7778;0;4;Avoid Artifacts with High Fan-Out;[C:\CASTMS\webgoat-83-1362\Deploy\Webgoat\Java\lessons\RoleBasedAccessControl\Login.jsp];eFile;Removed;;15;WebGoat_35ec2bcf/Webgoat/Java content
Fixed Violation;7778;0;4;Avoid Artifacts with High Fan-Out;[C:\CASTMS\webgoat-83-1362\Deploy\Webgoat\Java\lessons\DBSQLInjection\ViewProfile.jsp];eFile;Removed;;26;WebGoat_35ec2bcf/Webgoat/Java content
Fixed Violation;7778;0;4;Avoid Artifacts with High Fan-Out;[C:\CASTMS\webgoat-83-1362\Deploy\Webgoat\Java\lessons\DBSQLInjection\SearchStaff.jsp];eFile;Removed;;8;WebGoat_35ec2bcf/Webgoat/Java content
Fixed Violation;7778;0;4;Avoid Artifacts with High Fan-Out;[C:\CASTMS\webgoat-83-1362\Deploy\Webgoat\Java\lessons\DBSQLInjection\Login.jsp];eFile;Removed;;15;WebGoat_35ec2bcf/Webgoat/Java content
Fixed Violation;7778;0;4;Avoid Artifacts with High Fan-Out;[C:\CASTMS\webgoat-83-1362\Deploy\Webgoat\Java\lessons\DBCrossSiteScripting\ViewProfile.jsp];eFile;Removed;;26;WebGoat_35ec2bcf/Webgoat/Java content
Fixed Violation;7778;0;4;Avoid Artifacts with High Fan-Out;[C:\CASTMS\webgoat-83-1362\Deploy\Webgoat\Java\lessons\DBCrossSiteScripting\SearchStaff.jsp];eFile;Removed;;8;WebGoat_35ec2bcf/Webgoat/Java content
Fixed Violation;7778;0;4;Avoid Artifacts with High Fan-Out;[C:\CASTMS\webgoat-83-1362\Deploy\Webgoat\Java\lessons\DBCrossSiteScripting\Login.jsp];eFile;Removed;;15;WebGoat_35ec2bcf/Webgoat/Java content
Fixed Violation;7778;0;4;Avoid Artifacts with High Fan-Out;[C:\CASTMS\webgoat-83-1362\Deploy\Webgoat\Java\lessons\CrossSiteScripting\ViewProfile.jsp];eFile;Removed;;27;WebGoat_35ec2bcf/Webgoat/Java content
Fixed Violation;7778;0;4;Avoid Artifacts with High Fan-Out;[C:\CASTMS\webgoat-83-1362\Deploy\Webgoat\Java\lessons\CrossSiteScripting\SearchStaff.jsp];eFile;Removed;;8;WebGoat_35ec2bcf/Webgoat/Java content
Fixed Violation;7778;0;4;Avoid Artifacts with High Fan-Out;[C:\CASTMS\webgoat-83-1362\Deploy\Webgoat\Java\lessons\CrossSiteScripting\Login.jsp];eFile;Removed;;15;WebGoat_35ec2bcf/Webgoat/Java content
