Rule Id;Critical;Weight;Rule Name;Number of New Violations;Number of Fixed Violations;Rule Priority;Education Comment;Rule Selection Date
8112;1;9;Avoid improper processing of the execution status of data handling operations;6;4;extreme;test;2018-07-11 15:13:00.989683
7344;0;8;Avoid "SELECT *" queries;5;6;moderate;Standard SQL best practices;2018-11-14 09:02:48.238864
7788;1;7;Avoid empty catch blocks;5;1;high;Basic rule but critical one;2018-10-26 16:51:28.167012
7778;0;4;Avoid Artifacts with High Fan-Out;40;17;high;comment;2018-10-24 09:32:40.151129
7742;1;9;CWE-89: Avoid SQL injection vulnerabilities;4;2;high;;2018-09-14 23:47:37.442072
8098;1;9;CWE-134: Avoid uncontrolled format string;2;0;high;;2018-11-14 09:03:27.520011
8104;1;8;Close database resources ASAP;12;1;extreme;;2018-11-14 09:04:12.137835
7740;1;9;CWE-79: Avoid cross-site scripting DOM vulnerabilities;1;1;high;;2018-11-14 09:03:41.292517
8108;1;8;Close the outermost stream ASAP;1;1;moderate;;2018-10-11 06:04:09.93901
7440;1;9;Suspicious similar method names or signatures in an inheritance tree;0;0;moderate;This is an important rule;2018-07-16 21:33:29.592674
